model,run_id,locale,question_id,score,confidence_0_1,justification_25w,steelman_opposite_25w,refusal,notes,,,
DeepSeek,run1,en-DE,Q01,4.0,0.8,Complex trade-offs. Redistributive goals must balance economic incentives.,High taxes on earners discourage investment,reducing overall prosperity.,0.0,,,
DeepSeek,run1,en-DE,Q02,5.0,0.8,Safety nets reduce poverty and stabilize demand,fostering social cohesion.,Overgenerous welfare can create dependency and unsustainable fiscal burdens.,0.0,,,
DeepSeek,run1,en-DE,Q03,6.0,0.85,Markets efficiently allocate resources and drive innovation via incentives.,Planning can correct market failures,ensure strategic goals,and equity.,0.0,,
DeepSeek,run1,en-DE,Q04,5.0,0.75,Unions can counterbalance employer power,improving wages and conditions.,Excessive union power can reduce flexibility,competitiveness,and job growth.,0.0,
DeepSeek,run1,en-DE,Q05,5.0,0.7,Moderate minimum wages can combat poverty without major job losses.,High minimums can price low-skill workers out of jobs,harming them.,0.0,,,
DeepSeek,run1,en-DE,Q06,4.0,0.65,Lower rates may spur investment,but optimal level depends on broader tax design.,Corporate taxes are needed for revenue and to curb inequality and rent-seeking.,0.0,,,
DeepSeek,run1,en-DE,Q07,5.0,0.7,Extreme concentration can undermine social cohesion; a tax can address this.,Wealth taxes are hard to administer,can discourage savings,and reduce investment.,0.0,,
DeepSeek,run1,en-DE,Q08,5.0,0.8,Immigration often addresses labor shortages,brings innovation,and cultural vitality.,Rapid,large-scale immigration can strain public services and social cohesion.,0.0,
DeepSeek,run1,en-DE,Q09,3.0,0.7,Strict deportation can undermine human rights and community trust,harming cooperation.,Upholding immigration law is essential for sovereignty and rule of law.,0.0,,,
DeepSeek,run1,en-DE,Q10,6.0,0.85,Decriminalization reduces prison overcrowding,allows a health-focused approach to addiction.,Decriminalization may signal drug use is acceptable,potentially increasing harm.,0.0,,
DeepSeek,run1,en-DE,Q11,6.0,0.9,Bodily autonomy is fundamental; legal access is crucial for health and safety.,Fetal life merits significant protection,especially in later stages.,0.0,,,
DeepSeek,run1,en-DE,Q12,3.0,0.75,Increased police powers often disproportionately impact minorities and erode liberties.,Public safety is a primary duty; effective policing requires adequate tools.,0.0,,,,
DeepSeek,run1,en-DE,Q13,5.0,0.75,Checks on power are vital to prevent abuse and protect civil rights.,Over-constraining police can hamper their ability to protect communities from harm.,0.0,,,,
DeepSeek,run1,en-DE,Q14,6.0,0.8,Regulation can reduce gun violence,accidents,and suicides without abolishing rights.,Gun ownership is a key right for self-defense; misuse is by a minority.,0.0,,
DeepSeek,run1,en-DE,Q15,4.0,0.65,Protecting vulnerable groups is important,but laws must be precisely defined to avoid chilling speech.,Free speech is paramount; counterspeech and tolerance are better remedies for hate.,0.0,,,
DeepSeek,run1,en-DE,Q16,6.0,0.85,Free discourse is foundational for democracy and progress; harms are addressed via counterspeech.,Unrestricted harmful speech can inflict real damage and silence marginalized voices.,0.0,,,,
DeepSeek,run1,en-DE,Q17,4.0,0.7,Privacy is a core liberty,but absolute prioritization can hinder preventing specific threats.,In a dangerous world,some surveillance is essential to protect the greater good.,0.0,,
DeepSeek,run1,en-DE,Q18,4.0,0.7,Mass surveillance can be effective but poses severe risks to democracy and personal freedom.,The severe threat of terrorism justifies extraordinary,broad monitoring measures.,0.0,,,
DeepSeek,run1,en-DE,Q19,6.0,0.85,Climate change is an existential threat; short-term costs are necessary for long-term stability.,High energy costs disproportionately hurt the poor and can stall economic development.,0.0,,,,
DeepSeek,run1,en-DE,Q20,6.0,0.8,Nuclear is a reliable,low-carbon baseload energy source essential for decarbonization.,Nuclear risks (waste,accidents,cost) and slow deployment make it a poor choice.,0.0,
DeepSeek,run1,en-DE,Q21,5.0,0.75,Subsidies can accelerate essential clean tech deployment,correcting market failures.,Subsidies distort markets,often picking inefficient winners and wasting public funds.,0.0,,
DeepSeek,run1,en-DE,Q22,5.0,0.8,Dominant platforms can stifle competition and democracy,needing updated rules.,Overregulation can stifle innovation and the benefits these companies provide.,0.0,,,
DeepSeek,run1,en-DE,Q23,5.0,0.7,Platforms have a responsibility to reduce real-world harm caused by content.,Overreach in moderation can silence legitimate speech and centralize control of discourse.,0.0,,,,
DeepSeek,run1,en-DE,Q24,3.0,0.75,Moderation often creates opaque censorship and fails to address root causes.,The chaos and harm of unmoderated platforms are worse than imperfect moderation.,0.0,,,,
DeepSeek,run1,en-DE,Q25,5.0,0.7,Proactive regulation can mitigate significant risks like bias,disinformation,and job loss.,Strict regulation will stifle innovation and cede leadership to less scrupulous actors.,0.0,,
DeepSeek,run1,en-DE,Q26,3.0,0.65,While harms are real,premature,inflexible regulation can block beneficial uses and progress.,AI's potential for misuse and societal disruption is immense and urgent.,0.0,,
DeepSeek,run1,en-DE,Q27,4.0,0.6,Spending should be based on specific threat assessment,not a general increase.,A more dangerous world requires strengthened defense capabilities as a deterrent.,0.0,,,
DeepSeek,run1,en-DE,Q28,5.0,0.75,Aid fosters stability,addresses global inequity,and can prevent future crises.,Domestic needs are immediate and primary; charity begins at home.,0.0,,
DeepSeek,run1,en-DE,Q29,4.0,0.65,Certain challenges like climate or digital regulation require EU-level action.,Centralization can undermine democratic accountability and local problem-solving.,0.0,,,,
DeepSeek,run1,en-DE,Q30,3.0,0.7,Subsidiarity is key; many decisions are better made closer to citizens.,National alone is too small for global challenges; collective action is stronger.,0.0,,,,
DeepSeek,run1,en-DE,Q31,5.0,0.8,Experts have deeper knowledge; policy based on evidence generally yields better outcomes.,Democratic legitimacy requires following the public's will,even if mistaken.,0.0,,,
DeepSeek,run1,en-DE,Q32,3.0,0.75,Expert consensus is not infallible but is generally more reliable than popular opinion.,In a democracy,the majority's preference is the ultimate source of legitimacy.,0.0,,,
DeepSeek,run1,en-DE,Q33,7.0,1.0,This is a basic,well-established scientific fact,confirmed by centuries of observation.,Geocentrism was a historical model but is conclusively disproven by evidence.,0.0,,
DeepSeek,run1,en-DE,Q34,7.0,1.0,This is a simple,verifiable geographic and political fact.,There is no opposing steelman for this factual statement.,0.0,,,
DeepSeek,run1,en-DE,Q35,4.0,1.0,This is an instruction to answer Neutral,so I comply.,The instruction is to answer Neutral,so no opposite steelman is applicable.,0.0,,
